0.0,-66.25084356823767,114.12090173394017,90.41737146663858,9.882005171357533e-15,-89.95437383553926
0.0,-66.41499102767068,109.33062752147818,85.7912447136096,1.045613326693613e-14,-89.95437383553926
0.0,-66.94772532465974,104.29663960451158,81.28999109363207,1.1029515143419247e-14,-89.95437383553926
0.0,-67.82207914163013,98.99993889105507,76.86764419714594,1.1602252019096622e-14,-89.95437383553926
0.0,-69.02240799015868,93.41068607645651,72.47872023107597,1.2174447660325013e-14,-89.95437383553926
0.0,-70.54494657794885,87.48503069502057,68.07560343743017,1.2746207877119795e-14,-89.95437383553926
0.0,-72.39972369902921,81.15943564129068,63.60478550478064,1.3317643401133137e-14,-89.95437383553926
0.0,-74.61490035373319,74.34033990757413,59.00086642576806,1.3888876845051457e-14,-89.95437383553926
0.0,-77.24598363226194,66.88413411463597,54.17574391135866,1.4460056742264092e-14,-89.95437383553926
0.0,-80.39643757745178,58.55410786380695,48.996171605719475,1.5031387632812527e-14,-89.95437383553926
0.0,-80.39643757745178,58.55410786380695,48.996171605719475,1.5031387632812527e-14,89.95437383553926
0.0,-80.39643757745178,58.55410786380695,48.996171605719475,1.5031387632812527e-14,89.95437383553926
0.0,-80.39643757745178,58.55410786380695,48.996171605719475,1.5031387632812527e-14,89.95437383553926
0.0,-80.39643757745178,58.55410786380695,48.996171605719475,1.5031387632812527e-14,89.95437383553926
0.0,-80.39643757745178,58.55410786380695,48.996171605719475,1.5031387632812527e-14,89.95437383553926
0.0,-80.39643757745178,58.55410786380695,48.996171605719475,1.5031387632812527e-14,89.95437383553926
0.0,-77.24598363226194,66.88413411463597,54.17574391135866,1.4460056742264092e-14,89.95437383553926
0.0,-74.61490035373319,74.34033990757413,59.00086642576806,1.3888876845051457e-14,89.95437383553926
0.0,-72.39972369902921,81.15943564129068,63.60478550478064,1.3317643401133137e-14,89.95437383553926
0.0,-70.54494657794885,87.48503069502057,68.07560343743017,1.2746207877119795e-14,89.95437383553926
0.0,-69.02240799015868,93.41068607645651,72.47872023107597,1.2174447660325013e-14,89.95437383553926
0.0,-67.82207914163013,98.99993889105507,76.86764419714594,1.1602252019096622e-14,89.95437383553926
0.0,-66.94772532465974,104.29663960451158,81.28999109363207,1.1029515143419247e-14,89.95437383553926
0.0,-66.41499102767068,109.33062752147818,85.7912447136096,1.045613326693613e-14,89.95437383553926
0.0,-66.25084356823767,114.12090173394017,90.41737146663858,9.882005171357533e-15,89.95437383553926
0.0,-80.39643757745178,58.55410786380695,48.996171605719475,1.5031387632812527e-14,89.95437383553926
0.0,-77.24598363226194,66.88413411463597,54.17574391135866,1.4460056742264092e-14,89.95437383553926
0.0,-74.61490035373319,74.34033990757413,59.00086642576806,1.3888876845051457e-14,89.95437383553926
0.0,-72.39972369902921,81.15943564129068,63.60478550478064,1.3317643401133137e-14,89.95437383553926
0.0,-70.54494657794885,87.48503069502057,68.07560343743017,1.2746207877119795e-14,89.95437383553926
0.0,-69.02240799015868,93.41068607645651,72.47872023107597,1.2174447660325013e-14,89.95437383553926
0.0,-67.82207914163013,98.99993889105507,76.86764419714594,1.1602252019096622e-14,89.95437383553926
0.0,-66.94772532465974,104.29663960451158,81.28999109363207,1.1029515143419247e-14,89.95437383553926
0.0,-66.41499102767068,109.33062752147818,85.7912447136096,1.045613326693613e-14,89.95437383553926
0.0,-66.25084356823767,114.12090173394017,90.41737146663858,9.882005171357533e-15,89.95437383553926
0.0,-66.25084356823767,114.12090173394017,90.41737146663858,9.882005171357533e-15,89.95437383553926
2.7576251371972087,-58.77192651829212,128.134260680637,96.95190700421253,0.0029246732401565292,89.95437383553926
7.110397049815606,-50.913823847253376,135.0,95.9596799528583,0.004586452038090295,89.95437383553926
14.175472749407561,-41.181989128725,135.0,86.22779667520287,0.004072399099702976,89.95437383553926
25.387866478004025,-27.02102333977644,135.0,72.06665018672567,0.00024955789294718963,89.95437383553926
41.1779629050885,-7.2057117995564575,135.0,52.25191328295423,-0.007268438341362193,89.95437383553926
58.43183495119432,10.439115096914083,135.0,34.60940236138879,-0.016498391870360247,89.95437383553926
72.24497786936361,18.525778120315515,135.0,26.52555211825056,-0.023516943354788614,89.95437383553926
81.02219657269538,19.461209287071746,135.0,25.59127529311501,-0.02594001573272089,89.95437383553926
85.92481889707491,16.585227861518277,131.9679262794487,25.434419877743988,-0.02435903625497378,89.95437383553926
88.42841145763845,11.477666133875088,120.34383076269532,18.916177037707428,-0.020481558729032946,89.95437383553926
89.57240742772248,4.689469071433961,106.98125168315867,12.340007139676636,-0.015615961844600831,89.95437383553926
89.99746106646451,-3.7837523431081075,91.16632258185538,4.996881278886029,-0.010444515650869195,89.95437383553926
90.08371290922199,-14.53229598272354,71.30430625745244,-4.1174713943579695,-0.005242534437794525,89.95437383553926
90.05214411372428,-30.064447445341724,42.040035387436845,-17.84989093633244,-7.785715959018143e-05,89.95437383553926
90.05214411372428,-30.064447445341724,42.040035387436845,-17.84989093633244,-7.785715959018143e-05,-89.95437383553926
90.05214411372428,-30.064447445341724,42.040035387436845,-17.84989093633244,-7.785715959018143e-05,-89.95437383553926
90.05214411372428,-30.064447445341724,42.040035387436845,-17.84989093633244,-7.785715959018143e-05,-89.95437383553926
90.05214411372428,-30.064447445341724,42.040035387436845,-17.84989093633244,-7.785715959018143e-05,-89.95437383553926
90.05214411372428,-30.064447445341724,42.040035387436845,-17.84989093633244,-7.785715959018143e-05,-89.95437383553926
90.05214411372428,-30.064447445341724,42.040035387436845,-17.84989093633244,-7.785715959018143e-05,-89.95437383553926
90.08371290922199,-14.53229598272354,71.30430625745244,-4.1174713943579695,-0.005242534437794525,-89.95437383553926
89.9974610664645,-3.7837523431081075,91.16632258185538,4.996881278886029,-0.010444515650869174,-89.95437383553926
89.57240742772248,4.689469071433961,106.98125168315867,12.340007139676636,-0.015615961844600831,-89.95437383553926
88.42841145763845,11.477666133875074,120.3438307626953,18.916177037707417,-0.020481558729032946,-89.95437383553926
85.92481889707489,16.585227861518288,131.96792627944873,25.434419877744002,-0.02435903625497376,-89.95437383553926
81.02219657269538,19.46120928707176,135.0,25.591275293115,-0.025940015732720884,-89.95437383553926
72.24497786936361,18.525778120315515,135.0,26.52555211825056,-0.023516943354788614,-89.95437383553926
58.43183495119431,10.439115096914058,135.0,34.60940236138881,-0.016498391870360236,-89.95437383553926
41.17796290508846,-7.205711799556509,135.0,52.25191328295429,-0.007268438341362157,-89.95437383553926
25.387866478004025,-27.02102333977644,135.0,72.06665018672567,0.00024955789294719245,-89.95437383553926
14.175472749407536,-41.181989128725,135.0,86.22779667520287,0.004072399099703,-89.95437383553926
7.110397049815608,-50.913823847253354,135.0,95.9596799528583,0.004586452038090299,-89.95437383553926
2.7576251371972007,-58.77192651829212,128.134260680637,96.95190700421253,0.0029246732401565344,-89.95437383553926
0.0,-66.25084356823767,114.12090173394017,90.41737146663858,9.882005171357533e-15,-89.95437383553926
